{
  "Ansi 7 Color (Light)" : {
    "Red Component" : 0.46666666666666667,
    "Color Space" : "P3",
    "Blue Component" : 0.46666666666666667,
    "Alpha Component" : 1,
    "Green Component" : 0.46666666666666667
  },
  "Ansi 15 Color (Light)" : {
    "Red Component" : 0.46666666666666667,
    "Color Space" : "P3",
    "Blue Component" : 0.46666666666666667,
    "Alpha Component" : 1,
    "Green Component" : 0.46666666666666667
  },
  "Ansi 2 Color (Light)" : {
    "Red Component" : 0.41960784313725491,
    "Color Space" : "P3",
    "Blue Component" : 0.3411764705882353,
    "Alpha Component" : 1,
    "Green Component" : 0.61176470588235299
  },
  "Bold Color" : {
    "Red Component" : 0.34117648005485535,
    "Color Space" : "sRGB",
    "Blue Component" : 0.47450980544090271,
    "Alpha Component" : 1,
    "Green Component" : 0.32156863808631897
  },
  "Ansi 1 Color (Dark)" : {
    "Red Component" : 0.95294117647058818,
    "Color Space" : "sRGB",
    "Blue Component" : 0.6588235294117647,
    "Alpha Component" : 1,
    "Green Component" : 0.54509803921568623
  },
  "Use Bright Bold" : true,
  "Ansi 9 Color (Light)" : {
    "Red Component" : 0.82745098039215681,
    "Color Space" : "P3",
    "Blue Component" : 0.20392156862745098,
    "Alpha Component" : 1,
    "Green Component" : 0.35294117647058826
  },
  "Ansi 8 Color (Dark)" : {
    "Red Component" : 0.34509803921568627,
    "Color Space" : "sRGB",
    "Blue Component" : 0.4392156862745098,
    "Alpha Component" : 1,
    "Green Component" : 0.35686274509803922
  },
  "Background Color" : {
    "Red Component" : 0.98039215803146362,
    "Color Space" : "sRGB",
    "Blue Component" : 0.92941176891326904,
    "Alpha Component" : 1,
    "Green Component" : 0.95686274766921997
  },
  "Columns" : 80,
  "Ansi 8 Color" : {
    "Red Component" : 0.43137255311012268,
    "Color Space" : "sRGB",
    "Blue Component" : 0.52549022436141968,
    "Alpha Component" : 1,
    "Green Component" : 0.41568627953529358
  },
  "Right Option Key Sends" : 0,
  "Ansi 4 Color (Light)" : {
    "Red Component" : 0.2627450980392157,
    "Color Space" : "P3",
    "Blue Component" : 0.79607843137254897,
    "Alpha Component" : 1,
    "Green Component" : 0.59215686274509804
  },
  "Blinking Cursor" : false,
  "Selected Text Color (Light)" : {
    "Green Component" : 0,
    "Red Component" : 0,
    "Blue Component" : 0
  },
  "Selected Text Color (Dark)" : {
    "Red Component" : 0.80392156862745101,
    "Color Space" : "sRGB",
    "Blue Component" : 0.95686274509803926,
    "Alpha Component" : 1,
    "Green Component" : 0.83921568627450982
  },
  "Ansi 3 Color (Dark)" : {
    "Red Component" : 0.97647058823529409,
    "Color Space" : "sRGB",
    "Blue Component" : 0.68627450980392157,
    "Alpha Component" : 1,
    "Green Component" : 0.88627450980392153
  },
  "Keyboard Map" : {

  },
  "Visual Bell" : false,
  "Only The Default BG Color Uses Transparency" : true,
  "Cursor Text Color" : {
    "Red Component" : 0.34117648005485535,
    "Color Space" : "sRGB",
    "Blue Component" : 0.47450980544090271,
    "Alpha Component" : 1,
    "Green Component" : 0.32156863808631897
  },
  "Scrollback Lines" : 100000,
  "Selection Color (Light)" : {
    "Green Component" : 0.8353000283241272,
    "Red Component" : 0.70980000495910645,
    "Blue Component" : 1
  },
  "Ansi 0 Color" : {
    "Red Component" : 0.94901961088180542,
    "Color Space" : "sRGB",
    "Blue Component" : 0.87058824300765991,
    "Alpha Component" : 1,
    "Green Component" : 0.91372549533843994
  },
  "Match Background Color (Dark)" : {
    "Red Component" : 0.99999994039535522,
    "Color Space" : "P3",
    "Blue Component" : 1,
    "Alpha Component" : 1,
    "Green Component" : 1
  },
  "Ansi 11 Color (Light)" : {
    "Red Component" : 0.92941176470588238,
    "Color Space" : "P3",
    "Blue Component" : 0.23921568627450981,
    "Alpha Component" : 1,
    "Green Component" : 0.69411764705882351
  },
  "Ansi 5 Color (Dark)" : {
    "Red Component" : 0.96078431372549022,
    "Color Space" : "sRGB",
    "Blue Component" : 0.90588235294117647,
    "Alpha Component" : 1,
    "Green Component" : 0.76078431372549016
  },
  "Cursor Text Color (Light)" : {
    "Green Component" : 1,
    "Red Component" : 1,
    "Blue Component" : 1
  },
  "Silence Bell" : true,
  "Rows" : 25,
  "Draw Powerline Glyphs" : true,
  "Guid" : "0AB044F3-1362-4972-A70C-BDED29993175",
  "Ansi 14 Color (Dark)" : {
    "Red Component" : 0.58039215686274515,
    "Color Space" : "sRGB",
    "Blue Component" : 0.83529411764705885,
    "Alpha Component" : 1,
    "Green Component" : 0.88627450980392153
  },
  "Ansi 15 Color (Dark)" : {
    "Red Component" : 0.65098039215686276,
    "Color Space" : "sRGB",
    "Blue Component" : 0.78431372549019607,
    "Alpha Component" : 1,
    "Green Component" : 0.67843137254901964
  },
  "Ansi 0 Color (Dark)" : {
    "Red Component" : 0.27058823529411763,
    "Color Space" : "sRGB",
    "Blue Component" : 0.35294117647058826,
    "Alpha Component" : 1,
    "Green Component" : 0.27843137254901962
  },
  "Ambiguous Double Width" : false,
  "Option Key Sends" : 0,
  "Ansi 3 Color" : {
    "Red Component" : 0.91764706373214722,
    "Color Space" : "sRGB",
    "Blue Component" : 0.20392157137393951,
    "Alpha Component" : 1,
    "Green Component" : 0.61568629741668701
  },
  "Window Type" : 0,
  "BM Growl" : true,
  "Prompt Before Closing 2" : false,
  "Command" : "",
  "Selected Text Color" : {
    "Red Component" : 0.34117648005485535,
    "Color Space" : "sRGB",
    "Blue Component" : 0.47450980544090271,
    "Alpha Component" : 1,
    "Green Component" : 0.32156863808631897
  },
  "Ansi 14 Color (Light)" : {
    "Red Component" : 0.28627450980392155,
    "Color Space" : "P3",
    "Blue Component" : 0.68627450980392157,
    "Alpha Component" : 1,
    "Green Component" : 0.63921568627450975
  },
  "Cursor Guide Color (Dark)" : {
    "Red Component" : 0.80392156862745101,
    "Color Space" : "sRGB",
    "Blue Component" : 0.95686274509803926,
    "Alpha Component" : 0.070000000000000007,
    "Green Component" : 0.83921568627450982
  },
  "ASCII Ligatures" : true,
  "Send Code When Idle" : false,
  "Ansi 6 Color" : {
    "Red Component" : 0.84313726425170898,
    "Color Space" : "sRGB",
    "Blue Component" : 0.49411764740943909,
    "Alpha Component" : 1,
    "Green Component" : 0.50980395078659058
  },
  "Jobs to Ignore" : [
    "rlogin",
    "ssh",
    "slogin",
    "telnet"
  ],
  "Badge Color (Dark)" : {
    "Red Component" : 0.92929404973983765,
    "Color Space" : "P3",
    "Blue Component" : 0.13960540294647217,
    "Alpha Component" : 0.5,
    "Green Component" : 0.25479039549827576
  },
  "Cursor Color" : {
    "Red Component" : 0.59607845544815063,
    "Color Space" : "sRGB",
    "Blue Component" : 0.64705884456634521,
    "Alpha Component" : 1,
    "Green Component" : 0.57647061347961426
  },
  "Vertical Spacing" : 1.2,
  "Minimum Contrast (Light)" : 0.39743303571428573,
  "Disable Window Resizing" : true,
  "Bound Hosts" : [

  ],
  "Close Sessions On End" : true,
  "Selection Color (Dark)" : {
    "Red Component" : 0.34509803921568627,
    "Color Space" : "sRGB",
    "Blue Component" : 0.4392156862745098,
    "Alpha Component" : 1,
    "Green Component" : 0.35686274509803922
  },
  "Default Bookmark" : "No",
  "Tab Color" : {
    "Red Component" : 0.87843137979507446,
    "Color Space" : "sRGB",
    "Blue Component" : 0.95686274766921997,
    "Alpha Component" : 1,
    "Green Component" : 0.87058824300765991
  },
  "Foreground Color (Light)" : {
    "Green Component" : 0,
    "Red Component" : 0,
    "Blue Component" : 0
  },
  "Custom Command" : "No",
  "Background Color (Dark)" : {
    "Red Component" : 0.11764705882352941,
    "Color Space" : "sRGB",
    "Blue Component" : 0.1803921568627451,
    "Alpha Component" : 1,
    "Green Component" : 0.11764705882352941
  },
  "Ansi 9 Color" : {
    "Red Component" : 0.70588237047195435,